{
  "session_id": "20251111T172542",
  "timestamp": "2025-11-11T17:25:42.100136Z",
  "confidence_threshold": 0.85,
  "num_questions_asked": 5,
  "answers": {
    "fatigue": 0,
    "vomiting": 0,
    "skin_rash": 1,
    "itching": 1,
    "nodal_skin_eruptions": 1
  },
  "final_topk": [
    [
      "Fungal Infection",
      0.9896614029257466
    ],
    [
      "Drug Reaction",
      0.009487663036312944
    ],
    [
      "Chickenpox",
      0.0005740672418395012
    ],
    [
      "Impetigo",
      8.625148214829949e-05
    ],
    [
      "Acne",
      8.625148214829949e-05
    ]
  ],
  "priors": {
    "AIDS": 0.024390243902439025,
    "Acne": 0.024390243902439025,
    "Alcoholic Hepatitis": 0.024390243902439025,
    "Allergy": 0.024390243902439025,
    "Arthritis": 0.024390243902439025,
    "Bronchial Asthma": 0.024390243902439025,
    "Cervical Spondylosis": 0.024390243902439025,
    "Chickenpox": 0.024390243902439025,
    "Chronic Cholestasis": 0.024390243902439025,
    "Common Cold": 0.024390243902439025,
    "Dengue": 0.024390243902439025,
    "Diabetes ": 0.024390243902439025,
    "Dimorphic Hemmorhoids (piles)": 0.024390243902439025,
    "Drug Reaction": 0.024390243902439025,
    "Fungal Infection": 0.024390243902439025,
    "GERD": 0.024390243902439025,
    "Gastroenteritis": 0.024390243902439025,
    "Heart Attack": 0.024390243902439025,
    "Hepatitis A": 0.024390243902439025,
    "Hepatitis B": 0.024390243902439025,
    "Hepatitis C": 0.024390243902439025,
    "Hepatitis D": 0.024390243902439025,
    "Hepatitis E": 0.024390243902439025,
    "Hypertension ": 0.024390243902439025,
    "Hyperthyroidism": 0.024390243902439025,
    "Hypoglycemia": 0.024390243902439025,
    "Hypothyroidism": 0.024390243902439025,
    "Impetigo": 0.024390243902439025,
    "Jaundice": 0.024390243902439025,
    "Malaria": 0.024390243902439025,
    "Migraine": 0.024390243902439025,
    "Osteoarthritis": 0.024390243902439025,
    "Paralysis (brain hemorrhage)": 0.024390243902439025,
    "Peptic Ulcer Disease": 0.024390243902439025,
    "Pneumonia": 0.024390243902439025,
    "Psoriasis": 0.024390243902439025,
    "Tuberculosis": 0.024390243902439025,
    "Typhoid": 0.024390243902439025,
    "Urinary Tract Infection": 0.024390243902439025,
    "Varicose Veins": 0.024390243902439025,
    "Vertigo": 0.024390243902439025
  },
  "posteriors": {
    "Fungal Infection": 0.9896614029257466,
    "Drug Reaction": 0.009487663036312944,
    "Chickenpox": 0.0005740672418395012,
    "Impetigo": 8.625148214829949e-05,
    "Acne": 8.625148214829949e-05,
    "Psoriasis": 8.625148214829949e-05,
    "Hepatitis B": 4.948855533099148e-06,
    "Chronic Cholestasis": 4.948855533099148e-06,
    "Hypertension ": 7.435472598991337e-07,
    "Cervical Spondylosis": 7.435472598991337e-07,
    "Dimorphic Hemmorhoids (piles)": 7.435472598991337e-07,
    "AIDS": 7.435472598991337e-07,
    "Migraine": 7.435472598991337e-07,
    "Osteoarthritis": 7.435472598991337e-07,
    "Arthritis": 7.435472598991337e-07,
    "Allergy": 7.435472598991337e-07,
    "Urinary Tract Infection": 7.435472598991337e-07,
    "Jaundice": 2.839507273089675e-07,
    "Dengue": 2.839507273089675e-07,
    "Bronchial Asthma": 7.92304457269569e-08,
    "Paralysis (brain hemorrhage)": 7.92304457269569e-08,
    "Heart Attack": 7.92304457269569e-08,
    "Gastroenteritis": 7.92304457269569e-08,
    "GERD": 7.92304457269569e-08,
    "Hypothyroidism": 7.92304457269569e-08,
    "Common Cold": 4.26625476991306e-08,
    "Alcoholic Hepatitis": 4.26625476991306e-08,
    "Diabetes ": 4.26625476991306e-08,
    "Vertigo": 4.26625476991306e-08,
    "Hepatitis A": 4.26625476991306e-08,
    "Varicose Veins": 4.26625476991306e-08,
    "Hyperthyroidism": 4.26625476991306e-08,
    "Malaria": 4.26625476991306e-08,
    "Peptic Ulcer Disease": 4.26625476991306e-08,
    "Pneumonia": 4.26625476991306e-08,
    "Hepatitis C": 4.26625476991306e-08,
    "Hepatitis D": 2.447851097491099e-09,
    "Hepatitis E": 2.447851097491099e-09,
    "Hypoglycemia": 2.447851097491099e-09,
    "Tuberculosis": 2.447851097491099e-09,
    "Typhoid": 3.49693013927302e-10
  }
}