{
  "session_id": "20251111T182811",
  "timestamp": "2025-11-11T18:28:11.462882Z",
  "confidence_threshold": 0.85,
  "num_questions_asked": 8,
  "answers": {
    "fatigue": 1,
    "cramps": 1,
    "blister": 1,
    "bruising": 0,
    "high_fever": 1,
    "loss_of_appetite": 1,
    "yellowing_of_eyes": 0,
    "pain_behind_the_eyes": 1
  },
  "final_topk": [
    [
      "Dengue",
      0.9917217608172003
    ],
    [
      "Chickenpox",
      0.007729086552996188
    ],
    [
      "Typhoid",
      7.370108210591558e-05
    ],
    [
      "Tuberculosis",
      6.663005649134682e-05
    ],
    [
      "Hepatitis E",
      6.663005649134682e-05
    ]
  ],
  "priors": {
    "AIDS": 0.024390243902439025,
    "Acne": 0.024390243902439025,
    "Alcoholic Hepatitis": 0.024390243902439025,
    "Allergy": 0.024390243902439025,
    "Arthritis": 0.024390243902439025,
    "Bronchial Asthma": 0.024390243902439025,
    "Cervical Spondylosis": 0.024390243902439025,
    "Chickenpox": 0.024390243902439025,
    "Chronic Cholestasis": 0.024390243902439025,
    "Common Cold": 0.024390243902439025,
    "Dengue": 0.024390243902439025,
    "Diabetes ": 0.024390243902439025,
    "Dimorphic Hemmorhoids (piles)": 0.024390243902439025,
    "Drug Reaction": 0.024390243902439025,
    "Fungal Infection": 0.024390243902439025,
    "GERD": 0.024390243902439025,
    "Gastroenteritis": 0.024390243902439025,
    "Heart Attack": 0.024390243902439025,
    "Hepatitis A": 0.024390243902439025,
    "Hepatitis B": 0.024390243902439025,
    "Hepatitis C": 0.024390243902439025,
    "Hepatitis D": 0.024390243902439025,
    "Hepatitis E": 0.024390243902439025,
    "Hypertension ": 0.024390243902439025,
    "Hyperthyroidism": 0.024390243902439025,
    "Hypoglycemia": 0.024390243902439025,
    "Hypothyroidism": 0.024390243902439025,
    "Impetigo": 0.024390243902439025,
    "Jaundice": 0.024390243902439025,
    "Malaria": 0.024390243902439025,
    "Migraine": 0.024390243902439025,
    "Osteoarthritis": 0.024390243902439025,
    "Paralysis (brain hemorrhage)": 0.024390243902439025,
    "Peptic Ulcer Disease": 0.024390243902439025,
    "Pneumonia": 0.024390243902439025,
    "Psoriasis": 0.024390243902439025,
    "Tuberculosis": 0.024390243902439025,
    "Typhoid": 0.024390243902439025,
    "Urinary Tract Infection": 0.024390243902439025,
    "Varicose Veins": 0.024390243902439025,
    "Vertigo": 0.024390243902439025
  },
  "posteriors": {
    "Dengue": 0.9917217608172003,
    "Chickenpox": 0.007729086552996188,
    "Typhoid": 7.370108210591558e-05,
    "Tuberculosis": 6.663005649134682e-05,
    "Hepatitis E": 6.663005649134682e-05,
    "Pneumonia": 6.663005649134645e-05,
    "Common Cold": 6.663005649134645e-05,
    "Jaundice": 6.663005649134645e-05,
    "Bronchial Asthma": 6.318367425903543e-05,
    "Impetigo": 5.9737292026724404e-05,
    "Hepatitis C": 7.099924052356592e-06,
    "Varicose Veins": 3.823036028192008e-06,
    "Hepatitis D": 3.823036028192008e-06,
    "Hyperthyroidism": 5.74397038718504e-07,
    "Diabetes ": 5.74397038718504e-07,
    "AIDS": 5.74397038718504e-07,
    "Hypoglycemia": 5.74397038718504e-07,
    "Malaria": 5.74397038718504e-07,
    "Hepatitis B": 5.461480040274331e-07,
    "Hypothyroidism": 5.446868470606504e-07,
    "Peptic Ulcer Disease": 5.446868470606503e-07,
    "Chronic Cholestasis": 3.2957207139586283e-08,
    "Paralysis (brain hemorrhage)": 4.951698609642277e-09,
    "Acne": 4.951698609642277e-09,
    "Alcoholic Hepatitis": 4.951698609642277e-09,
    "Allergy": 4.951698609642277e-09,
    "Arthritis": 4.951698609642277e-09,
    "Urinary Tract Infection": 4.951698609642277e-09,
    "Cervical Spondylosis": 4.951698609642277e-09,
    "Psoriasis": 4.951698609642277e-09,
    "Dimorphic Hemmorhoids (piles)": 4.951698609642277e-09,
    "Osteoarthritis": 4.951698609642277e-09,
    "Hypertension ": 4.951698609642277e-09,
    "Drug Reaction": 4.951698609642277e-09,
    "Fungal Infection": 4.951698609642277e-09,
    "GERD": 4.951698609642277e-09,
    "Gastroenteritis": 4.951698609642277e-09,
    "Heart Attack": 4.951698609642277e-09,
    "Migraine": 4.951698609642277e-09,
    "Vertigo": 4.951698609642277e-09,
    "Hepatitis A": 4.708172448512355e-09
  }
}