{
  "session_id": "20251111T182833",
  "timestamp": "2025-11-11T18:28:33.984067Z",
  "confidence_threshold": 0.85,
  "num_questions_asked": 4,
  "answers": {
    "fatigue": 1,
    "cramps": 1,
    "blister": 1,
    "bruising": 1
  },
  "final_topk": [
    [
      "Varicose Veins",
      0.998727353580078
    ],
    [
      "Typhoid",
      7.806076582730016e-05
    ],
    [
      "Hepatitis C",
      7.422171177021985e-05
    ],
    [
      "Hypoglycemia",
      7.422171177021985e-05
    ],
    [
      "Diabetes ",
      7.422171177021985e-05
    ]
  ],
  "priors": {
    "AIDS": 0.024390243902439025,
    "Acne": 0.024390243902439025,
    "Alcoholic Hepatitis": 0.024390243902439025,
    "Allergy": 0.024390243902439025,
    "Arthritis": 0.024390243902439025,
    "Bronchial Asthma": 0.024390243902439025,
    "Cervical Spondylosis": 0.024390243902439025,
    "Chickenpox": 0.024390243902439025,
    "Chronic Cholestasis": 0.024390243902439025,
    "Common Cold": 0.024390243902439025,
    "Dengue": 0.024390243902439025,
    "Diabetes ": 0.024390243902439025,
    "Dimorphic Hemmorhoids (piles)": 0.024390243902439025,
    "Drug Reaction": 0.024390243902439025,
    "Fungal Infection": 0.024390243902439025,
    "GERD": 0.024390243902439025,
    "Gastroenteritis": 0.024390243902439025,
    "Heart Attack": 0.024390243902439025,
    "Hepatitis A": 0.024390243902439025,
    "Hepatitis B": 0.024390243902439025,
    "Hepatitis C": 0.024390243902439025,
    "Hepatitis D": 0.024390243902439025,
    "Hepatitis E": 0.024390243902439025,
    "Hypertension ": 0.024390243902439025,
    "Hyperthyroidism": 0.024390243902439025,
    "Hypoglycemia": 0.024390243902439025,
    "Hypothyroidism": 0.024390243902439025,
    "Impetigo": 0.024390243902439025,
    "Jaundice": 0.024390243902439025,
    "Malaria": 0.024390243902439025,
    "Migraine": 0.024390243902439025,
    "Osteoarthritis": 0.024390243902439025,
    "Paralysis (brain hemorrhage)": 0.024390243902439025,
    "Peptic Ulcer Disease": 0.024390243902439025,
    "Pneumonia": 0.024390243902439025,
    "Psoriasis": 0.024390243902439025,
    "Tuberculosis": 0.024390243902439025,
    "Typhoid": 0.024390243902439025,
    "Urinary Tract Infection": 0.024390243902439025,
    "Varicose Veins": 0.024390243902439025,
    "Vertigo": 0.024390243902439025
  },
  "posteriors": {
    "Varicose Veins": 0.998727353580078,
    "Typhoid": 7.806076582730016e-05,
    "Hepatitis C": 7.422171177021985e-05,
    "Hypoglycemia": 7.422171177021985e-05,
    "Diabetes ": 7.422171177021985e-05,
    "Tuberculosis": 7.422171177021985e-05,
    "Dengue": 7.422171177021985e-05,
    "Pneumonia": 7.422171177021985e-05,
    "Common Cold": 7.422171177021985e-05,
    "Hepatitis B": 7.422171177021985e-05,
    "Hepatitis D": 7.422171177021985e-05,
    "Chickenpox": 7.422171177021985e-05,
    "Jaundice": 7.422171177021985e-05,
    "Hepatitis E": 7.422171177021985e-05,
    "Hyperthyroidism": 7.422171177021985e-05,
    "Impetigo": 7.422171177021982e-05,
    "Hypothyroidism": 7.03826577131395e-05,
    "Bronchial Asthma": 7.03826577131395e-05,
    "Chronic Cholestasis": 6.398423428467228e-07,
    "Drug Reaction": 6.398423428467228e-07,
    "Cervical Spondylosis": 6.398423428467228e-07,
    "Arthritis": 6.398423428467228e-07,
    "Allergy": 6.398423428467228e-07,
    "Alcoholic Hepatitis": 6.398423428467228e-07,
    "Acne": 6.398423428467228e-07,
    "Dimorphic Hemmorhoids (piles)": 6.398423428467228e-07,
    "Vertigo": 6.398423428467228e-07,
    "Fungal Infection": 6.398423428467228e-07,
    "GERD": 6.398423428467228e-07,
    "Gastroenteritis": 6.398423428467228e-07,
    "Heart Attack": 6.398423428467228e-07,
    "Hepatitis A": 6.398423428467228e-07,
    "Hypertension ": 6.398423428467228e-07,
    "Malaria": 6.398423428467228e-07,
    "Migraine": 6.398423428467228e-07,
    "Osteoarthritis": 6.398423428467228e-07,
    "Paralysis (brain hemorrhage)": 6.398423428467228e-07,
    "Peptic Ulcer Disease": 6.398423428467228e-07,
    "Psoriasis": 6.398423428467228e-07,
    "Urinary Tract Infection": 6.398423428467228e-07,
    "AIDS": 6.398423428467228e-07
  }
}