{
  "session_id": "20251111T172514",
  "timestamp": "2025-11-11T17:25:14.777344Z",
  "confidence_threshold": 0.85,
  "num_questions_asked": 5,
  "answers": {
    "fatigue": 1,
    "loss_of_appetite": 0,
    "high_fever": 1,
    "chest_pain": 0,
    "chills": 1
  },
  "final_topk": [
    [
      "Typhoid",
      0.9578124619750716
    ],
    [
      "Malaria",
      0.007097689062265436
    ],
    [
      "Jaundice",
      0.007097689062265434
    ],
    [
      "Dengue",
      0.00674862238707209
    ],
    [
      "Common Cold",
      0.006748622387072088
    ]
  ],
  "priors": {
    "AIDS": 0.024390243902439025,
    "Acne": 0.024390243902439025,
    "Alcoholic Hepatitis": 0.024390243902439025,
    "Allergy": 0.024390243902439025,
    "Arthritis": 0.024390243902439025,
    "Bronchial Asthma": 0.024390243902439025,
    "Cervical Spondylosis": 0.024390243902439025,
    "Chickenpox": 0.024390243902439025,
    "Chronic Cholestasis": 0.024390243902439025,
    "Common Cold": 0.024390243902439025,
    "Dengue": 0.024390243902439025,
    "Diabetes ": 0.024390243902439025,
    "Dimorphic Hemmorhoids (piles)": 0.024390243902439025,
    "Drug Reaction": 0.024390243902439025,
    "Fungal Infection": 0.024390243902439025,
    "GERD": 0.024390243902439025,
    "Gastroenteritis": 0.024390243902439025,
    "Heart Attack": 0.024390243902439025,
    "Hepatitis A": 0.024390243902439025,
    "Hepatitis B": 0.024390243902439025,
    "Hepatitis C": 0.024390243902439025,
    "Hepatitis D": 0.024390243902439025,
    "Hepatitis E": 0.024390243902439025,
    "Hypertension ": 0.024390243902439025,
    "Hyperthyroidism": 0.024390243902439025,
    "Hypoglycemia": 0.024390243902439025,
    "Hypothyroidism": 0.024390243902439025,
    "Impetigo": 0.024390243902439025,
    "Jaundice": 0.024390243902439025,
    "Malaria": 0.024390243902439025,
    "Migraine": 0.024390243902439025,
    "Osteoarthritis": 0.024390243902439025,
    "Paralysis (brain hemorrhage)": 0.024390243902439025,
    "Peptic Ulcer Disease": 0.024390243902439025,
    "Pneumonia": 0.024390243902439025,
    "Psoriasis": 0.024390243902439025,
    "Tuberculosis": 0.024390243902439025,
    "Typhoid": 0.024390243902439025,
    "Urinary Tract Infection": 0.024390243902439025,
    "Varicose Veins": 0.024390243902439025,
    "Vertigo": 0.024390243902439025
  },
  "posteriors": {
    "Typhoid": 0.9578124619750716,
    "Malaria": 0.007097689062265436,
    "Jaundice": 0.007097689062265434,
    "Dengue": 0.00674862238707209,
    "Common Cold": 0.006748622387072088,
    "Pneumonia": 0.006748622387072088,
    "Bronchial Asthma": 0.006730567214217223,
    "Chickenpox": 0.00040724445439227887,
    "AIDS": 6.118697467470204e-05,
    "Varicose Veins": 6.118697467470203e-05,
    "Diabetes ": 6.118697467470203e-05,
    "Hypoglycemia": 6.118697467470203e-05,
    "Hyperthyroidism": 6.118697467470203e-05,
    "Hepatitis E": 5.817777919889732e-05,
    "Allergy": 5.8022131157045024e-05,
    "Hypothyroidism": 5.8022131157045024e-05,
    "Tuberculosis": 5.531657694321414e-05,
    "Impetigo": 5.4857287639388036e-05,
    "Hepatitis B": 3.510728055105853e-06,
    "Hepatitis C": 3.510728055105853e-06,
    "Hepatitis D": 3.510728055105853e-06,
    "Migraine": 5.274739196095003e-07,
    "Acne": 5.274739196095003e-07,
    "Alcoholic Hepatitis": 5.274739196095003e-07,
    "Urinary Tract Infection": 5.274739196095003e-07,
    "Arthritis": 5.274739196095003e-07,
    "Psoriasis": 5.274739196095003e-07,
    "Cervical Spondylosis": 5.274739196095003e-07,
    "Paralysis (brain hemorrhage)": 5.274739196095003e-07,
    "Osteoarthritis": 5.274739196095003e-07,
    "Dimorphic Hemmorhoids (piles)": 5.274739196095003e-07,
    "Drug Reaction": 5.274739196095003e-07,
    "Fungal Infection": 5.274739196095003e-07,
    "Gastroenteritis": 5.274739196095003e-07,
    "Vertigo": 5.274739196095003e-07,
    "Hypertension ": 5.6206237335438567e-08,
    "Peptic Ulcer Disease": 5.6206237335438567e-08,
    "Chronic Cholestasis": 3.02648970267746e-08,
    "Hepatitis A": 3.02648970267746e-08,
    "GERD": 3.0264897026774596e-08,
    "Heart Attack": 3.0264897026774596e-08
  }
}