{
  "session_id": "20251111T171816",
  "timestamp": "2025-11-11T17:18:16.749876Z",
  "confidence_threshold": 0.85,
  "num_questions_asked": 5,
  "answers": {
    "fatigue": 1,
    "loss_of_appetite": 1,
    "malaise": 1,
    "yellowing_of_eyes": 0,
    "pain_behind_the_eyes": 0
  },
  "final_topk": [
    [
      "Chickenpox",
      0.9583427299478495
    ],
    [
      "Tuberculosis",
      0.008261575258171158
    ],
    [
      "Hepatitis B",
      0.007855268278261104
    ],
    [
      "Dengue",
      0.007855268278261102
    ],
    [
      "Pneumonia",
      0.007855268278261062
    ]
  ],
  "priors": {
    "AIDS": 0.024390243902439025,
    "Acne": 0.024390243902439025,
    "Alcoholic Hepatitis": 0.024390243902439025,
    "Allergy": 0.024390243902439025,
    "Arthritis": 0.024390243902439025,
    "Bronchial Asthma": 0.024390243902439025,
    "Cervical Spondylosis": 0.024390243902439025,
    "Chickenpox": 0.024390243902439025,
    "Chronic Cholestasis": 0.024390243902439025,
    "Common Cold": 0.024390243902439025,
    "Dengue": 0.024390243902439025,
    "Diabetes ": 0.024390243902439025,
    "Dimorphic Hemmorhoids (piles)": 0.024390243902439025,
    "Drug Reaction": 0.024390243902439025,
    "Fungal Infection": 0.024390243902439025,
    "GERD": 0.024390243902439025,
    "Gastroenteritis": 0.024390243902439025,
    "Heart Attack": 0.024390243902439025,
    "Hepatitis A": 0.024390243902439025,
    "Hepatitis B": 0.024390243902439025,
    "Hepatitis C": 0.024390243902439025,
    "Hepatitis D": 0.024390243902439025,
    "Hepatitis E": 0.024390243902439025,
    "Hypertension ": 0.024390243902439025,
    "Hyperthyroidism": 0.024390243902439025,
    "Hypoglycemia": 0.024390243902439025,
    "Hypothyroidism": 0.024390243902439025,
    "Impetigo": 0.024390243902439025,
    "Jaundice": 0.024390243902439025,
    "Malaria": 0.024390243902439025,
    "Migraine": 0.024390243902439025,
    "Osteoarthritis": 0.024390243902439025,
    "Paralysis (brain hemorrhage)": 0.024390243902439025,
    "Peptic Ulcer Disease": 0.024390243902439025,
    "Pneumonia": 0.024390243902439025,
    "Psoriasis": 0.024390243902439025,
    "Tuberculosis": 0.024390243902439025,
    "Typhoid": 0.024390243902439025,
    "Urinary Tract Infection": 0.024390243902439025,
    "Varicose Veins": 0.024390243902439025,
    "Vertigo": 0.024390243902439025
  },
  "posteriors": {
    "Chickenpox": 0.9583427299478495,
    "Tuberculosis": 0.008261575258171158,
    "Hepatitis B": 0.007855268278261104,
    "Dengue": 0.007855268278261102,
    "Pneumonia": 0.007855268278261062,
    "Common Cold": 0.007855268278261062,
    "Hepatitis C": 0.0008370367837491297,
    "Hepatitis D": 0.0004507121143264542,
    "Typhoid": 7.122047636354408e-05,
    "Hepatitis E": 6.771782998500952e-05,
    "Hyperthyroidism": 6.771782998500915e-05,
    "Hypoglycemia": 6.771782998500915e-05,
    "Diabetes ": 6.771782998500915e-05,
    "Varicose Veins": 6.771782998500915e-05,
    "Jaundice": 6.771782998500915e-05,
    "Peptic Ulcer Disease": 6.42151836064742e-05,
    "Hypothyroidism": 6.42151836064742e-05,
    "Bronchial Asthma": 6.42151836064742e-05,
    "Chronic Cholestasis": 3.8854492614349505e-06,
    "Allergy": 5.837743964224926e-07,
    "Drug Reaction": 5.837743964224926e-07,
    "Cervical Spondylosis": 5.837743964224926e-07,
    "Alcoholic Hepatitis": 5.837743964224926e-07,
    "Acne": 5.837743964224926e-07,
    "Arthritis": 5.837743964224926e-07,
    "Dimorphic Hemmorhoids (piles)": 5.837743964224926e-07,
    "Vertigo": 5.837743964224926e-07,
    "Fungal Infection": 5.837743964224926e-07,
    "GERD": 5.837743964224926e-07,
    "Gastroenteritis": 5.837743964224926e-07,
    "Heart Attack": 5.837743964224926e-07,
    "Hypertension ": 5.837743964224926e-07,
    "Impetigo": 5.837743964224926e-07,
    "Malaria": 5.837743964224926e-07,
    "Migraine": 5.837743964224926e-07,
    "Osteoarthritis": 5.837743964224926e-07,
    "Paralysis (brain hemorrhage)": 5.837743964224926e-07,
    "Psoriasis": 5.837743964224926e-07,
    "Urinary Tract Infection": 5.837743964224926e-07,
    "AIDS": 5.837743964224926e-07,
    "Hepatitis A": 5.550641802049961e-07
  }
}