{
  "session_id": "20251111T183946",
  "timestamp": "2025-11-11T18:39:46.494549Z",
  "confidence_threshold": 0.85,
  "num_questions_asked": 7,
  "answers": {
    "shivering": 1,
    "watering_from_eyes": 0,
    "fatigue": 1,
    "loss_of_appetite": 0,
    "high_fever": 1,
    "chest_pain": 1,
    "throat_irritation": 1
  },
  "final_topk": [
    [
      "Common Cold",
      0.9915907570335319
    ],
    [
      "Pneumonia",
      0.008127793090438788
    ],
    [
      "Typhoid",
      7.369134639072028e-05
    ],
    [
      "Tuberculosis",
      6.662125483966254e-05
    ],
    [
      "Jaundice",
      6.66212548396622e-05
    ]
  ],
  "priors": {
    "AIDS": 0.024390243902439025,
    "Acne": 0.024390243902439025,
    "Alcoholic Hepatitis": 0.024390243902439025,
    "Allergy": 0.024390243902439025,
    "Arthritis": 0.024390243902439025,
    "Bronchial Asthma": 0.024390243902439025,
    "Cervical Spondylosis": 0.024390243902439025,
    "Chickenpox": 0.024390243902439025,
    "Chronic Cholestasis": 0.024390243902439025,
    "Common Cold": 0.024390243902439025,
    "Dengue": 0.024390243902439025,
    "Diabetes ": 0.024390243902439025,
    "Dimorphic Hemmorhoids (piles)": 0.024390243902439025,
    "Drug Reaction": 0.024390243902439025,
    "Fungal Infection": 0.024390243902439025,
    "GERD": 0.024390243902439025,
    "Gastroenteritis": 0.024390243902439025,
    "Heart Attack": 0.024390243902439025,
    "Hepatitis A": 0.024390243902439025,
    "Hepatitis B": 0.024390243902439025,
    "Hepatitis C": 0.024390243902439025,
    "Hepatitis D": 0.024390243902439025,
    "Hepatitis E": 0.024390243902439025,
    "Hypertension ": 0.024390243902439025,
    "Hyperthyroidism": 0.024390243902439025,
    "Hypoglycemia": 0.024390243902439025,
    "Hypothyroidism": 0.024390243902439025,
    "Impetigo": 0.024390243902439025,
    "Jaundice": 0.024390243902439025,
    "Malaria": 0.024390243902439025,
    "Migraine": 0.024390243902439025,
    "Osteoarthritis": 0.024390243902439025,
    "Paralysis (brain hemorrhage)": 0.024390243902439025,
    "Peptic Ulcer Disease": 0.024390243902439025,
    "Pneumonia": 0.024390243902439025,
    "Psoriasis": 0.024390243902439025,
    "Tuberculosis": 0.024390243902439025,
    "Typhoid": 0.024390243902439025,
    "Urinary Tract Infection": 0.024390243902439025,
    "Varicose Veins": 0.024390243902439025,
    "Vertigo": 0.024390243902439025
  },
  "posteriors": {
    "Common Cold": 0.9915907570335319,
    "Pneumonia": 0.008127793090438788,
    "Typhoid": 7.369134639072028e-05,
    "Tuberculosis": 6.662125483966254e-05,
    "Jaundice": 6.66212548396622e-05,
    "Bronchial Asthma": 6.31753278651969e-05,
    "Chickenpox": 3.822531015390453e-06,
    "AIDS": 5.743211624108811e-07,
    "GERD": 5.743211624108811e-07,
    "Heart Attack": 5.743211624108811e-07,
    "Malaria": 5.743211624108811e-07,
    "Hypoglycemia": 5.74321162410881e-07,
    "Hyperthyroidism": 5.74321162410881e-07,
    "Diabetes ": 5.74321162410881e-07,
    "Varicose Veins": 5.74321162410881e-07,
    "Dengue": 5.460758593414964e-07,
    "Hepatitis E": 5.460758593414964e-07,
    "Hypertension ": 5.446148953896287e-07,
    "Hypothyroidism": 5.446148953896286e-07,
    "Impetigo": 5.149086283683762e-07,
    "Allergy": 5.803273475463259e-08,
    "Hepatitis C": 3.2952853580952185e-08,
    "Hepatitis B": 3.2952853580952185e-08,
    "Hepatitis D": 3.2952853580952185e-08,
    "Paralysis (brain hemorrhage)": 4.951044503542079e-09,
    "Acne": 4.951044503542079e-09,
    "Alcoholic Hepatitis": 4.951044503542079e-09,
    "Urinary Tract Infection": 4.951044503542079e-09,
    "Arthritis": 4.951044503542079e-09,
    "Psoriasis": 4.951044503542079e-09,
    "Cervical Spondylosis": 4.951044503542079e-09,
    "Vertigo": 4.951044503542079e-09,
    "Osteoarthritis": 4.951044503542079e-09,
    "Migraine": 4.951044503542079e-09,
    "Dimorphic Hemmorhoids (piles)": 4.951044503542079e-09,
    "Drug Reaction": 4.951044503542079e-09,
    "Fungal Infection": 4.951044503542079e-09,
    "Gastroenteritis": 4.951044503542079e-09,
    "Peptic Ulcer Disease": 5.275703159512053e-10,
    "Chronic Cholestasis": 2.8407632397372573e-10,
    "Hepatitis A": 2.8407632397372573e-10
  }
}